{
    "left_camera": {
        "distortion": [
            -0.04110168312261811,
            0.011683693866101954,
            0.010283174929477232,
            0.006021268522094109,
            -0.015096321019407933
        ],
        "image_height": 1080,
        "image_width": 1920,
        "intrinsic": [
            [
                1237.6690181170889,
                0.0,
                953.8474774593731
            ],
            [
                0.0,
                1231.0474622914471,
                556.7054899846471
            ],
            [
                0.0,
                0.0,
                1.0
            ]
        ],
        "projection": [
            [
                1288.4442228002379,
                0.0,
                1057.8859329223633,
                0.0
            ],
            [
                0.0,
                1288.4442228002379,
                578.4940795898438,
                0.0
            ],
            [
                0.0,
                0.0,
                1.0,
                0.0
            ]
        ],
        "rectification": [
            [
                0.9997610155781288,
                -0.01414642027119719,
                -0.01666704903993137
            ],
            [
                0.014085023677797235,
                0.9998935980063258,
                -0.0037953621645215353
            ],
            [
                0.016718966420945572,
                0.0035596993517224037,
                0.9998538916773494
            ]
        ]
    },
    "right_camera": {
        "distortion": [
            -0.042564796625935666,
            0.01918879600736212,
            0.007684914443724878,
            0.001176251464043453,
            -0.013429146504872494
        ],
        "image_height": 1080,
        "image_width": 1920,
        "intrinsic": [
            [
                1244.276937536851,
                0.0,
                1046.7118692911333
            ],
            [
                0.0,
                1239.4759977764802,
                565.1019536124237
            ],
            [
                0.0,
                0.0,
                1.0
            ]
        ],
        "projection": [
            [
                1288.4442228002379,
                0.0,
                1057.8859329223633,
                -5.484535539944649
            ],
            [
                0.0,
                1288.4442228002379,
                578.4940795898438,
                0.0
            ],
            [
                0.0,
                0.0,
                1.0,
                0.0
            ]
        ],
        "rectification": [
            [
                0.9995672086543373,
                -0.012603155224131616,
                -0.026581118512454285
            ],
            [
                0.012700839271984893,
                0.9999131829415266,
                0.0035093106918767706
            ],
            [
                0.02653458243055467,
                -0.0038453944064763585,
                0.9996404998183571
            ]
        ]
    }
}
